{
  "project_info": {
    "project_number": "281161653305",
    "firebase_url": "https://notification-f9c89.firebaseio.com",
    "project_id": "notification-f9c89",
    "storage_bucket": "notification-f9c89.appspot.com"
  },
  "client": [
    {
      "client_info": {
        "mobilesdk_app_id": "1:281161653305:android:44afb75d3d6425b3",
        "android_client_info": {
          "package_name": "com.example.kdmani.thedoc"
        }
      },
      "oauth_client": [
        {
          "client_id": "281161653305-is3o66net7rf087i4qc2d11hprnj8c9a.apps.googleusercontent.com",
          "client_type": 3
        }
      ],
      "api_key": [
        {
          "current_key": "AIzaSyDLHP3DdbaR-ZiamW_4Sv3IlwY5g5GRWwA"
        }
      ],
      "services": {
        "analytics_service": {
          "status": 1
        },
        "appinvite_service": {
          "status": 1,
          "other_platform_oauth_client": []
        },
        "ads_service": {
          "status": 2
        }
      }
    }
  ],
  "configuration_version": "1"
}