{"v":"5.1.5","fr":29.9700012207031,"ip":0,"op":58.0000023623884,"w":132,"h":132,"nm":"コンポ 1","ddd":0,"assets":[],"layers":[{"ddd":0,"ind":1,"ty":4,"nm":"hearticonアウトライン","sr":1,"ks":{"o":{"a":0,"k":100,"ix":11},"r":{"a":0,"k":0,"ix":10},"p":{"a":0,"k":[66,66,0],"ix":2},"a":{"a":0,"k":[75,75,0],"ix":1},"s":{"a":0,"k":[100,100,100],"ix":6}},"ao":0,"shapes":[{"ty":"gr","it":[{"ind":0,"ty":"sh","ix":1,"ks":{"a":0,"k":{"i":[[-0.1,-0.04],[-0.78,-0.936],[-0.988,0.719],[0,0],[-3.072,0],[0,-7.891],[12.938,-11.991],[0,0],[1.912,1.775],[0,0],[0,9.684],[-7.737,0],[-2.454,-1.748]],"o":[[0.988,0.719],[0.781,-0.936],[0,0],[2.379,-1.838],[7.738,0],[0,9.684],[0,0],[-1.918,1.767],[0,0],[-12.938,-11.965],[0,-7.891],[3.073,0],[-0.017,0.02]],"v":[[-2.668,-19.969],[0,-17.477],[2.669,-19.969],[2.869,-19.969],[11.305,-22.833],[25.122,-8.742],[3.643,20.825],[3.381,21.066],[-3.369,21.053],[-3.642,20.799],[-25.122,-8.742],[-11.305,-22.833],[-2.793,-20.059]],"c":true},"ix":2},"nm":"パス 1","mn":"ADBE Vector Shape - Group","hd":false},{"ty":"fl","c":{"a":0,"k":[0.999999940162,0.999999940162,1,1],"ix":4},"o":{"a":0,"k":100,"ix":5},"r":1,"nm":"塗り 1","mn":"ADBE Vector Graphic - Fill","hd":false},{"ty":"tr","p":{"a":0,"k":[74.504,74.727],"ix":2},"a":{"a":0,"k":[0,0],"ix":1},"s":{"a":0,"k":[100,100],"ix":3},"r":{"a":0,"k":0,"ix":6},"o":{"a":0,"k":100,"ix":7},"sk":{"a":0,"k":0,"ix":4},"sa":{"a":0,"k":0,"ix":5},"nm":"トランスフォーム"}],"nm":"グループ 1","np":2,"cix":2,"ix":1,"mn":"ADBE Vector Group","hd":false}],"ip":35.0000014255792,"op":139.000005661586,"st":54.0000021994651,"bm":0},{"ddd":0,"ind":2,"ty":4,"nm":"hearticonアウトライン","sr":1,"ks":{"o":{"a":0,"k":100,"ix":11},"r":{"a":0,"k":0,"ix":10},"p":{"a":0,"k":[66,66,0],"ix":2},"a":{"a":0,"k":[75,75,0],"ix":1},"s":{"a":1,"k":[{"i":{"x":[0.732,0.732,0.833],"y":[1.85,1.85,1]},"o":{"x":[0.91,0.91,0.167],"y":[0.278,0.278,0]},"n":["0p732_1p85_0p91_0p278","0p732_1p85_0p91_0p278","0p833_1_0p167_0"],"t":8,"s":[0,0,100],"e":[98.667,98.667,100]},{"t":26.0000010590017}],"ix":6}},"ao":0,"shapes":[{"ty":"gr","it":[{"ind":0,"ty":"sh","ix":1,"ks":{"a":0,"k":{"i":[[-0.1,-0.04],[-0.78,-0.936],[-0.988,0.719],[0,0],[-3.072,0],[0,-7.891],[12.938,-11.991],[0,0],[1.912,1.775],[0,0],[0,9.684],[-7.737,0],[-2.454,-1.748]],"o":[[0.988,0.719],[0.781,-0.936],[0,0],[2.379,-1.838],[7.738,0],[0,9.684],[0,0],[-1.918,1.767],[0,0],[-12.938,-11.965],[0,-7.891],[3.073,0],[-0.017,0.02]],"v":[[-2.668,-19.969],[0,-17.477],[2.669,-19.969],[2.869,-19.969],[11.305,-22.833],[25.122,-8.742],[3.643,20.825],[3.381,21.066],[-3.369,21.053],[-3.642,20.799],[-25.122,-8.742],[-11.305,-22.833],[-2.793,-20.059]],"c":true},"ix":2},"nm":"パス 1","mn":"ADBE Vector Shape - Group","hd":false},{"ty":"fl","c":{"a":0,"k":[0.999999940162,0.999999940162,1,1],"ix":4},"o":{"a":0,"k":100,"ix":5},"r":1,"nm":"塗り 1","mn":"ADBE Vector Graphic - Fill","hd":false},{"ty":"tr","p":{"a":0,"k":[74.504,74.727],"ix":2},"a":{"a":0,"k":[0,0],"ix":1},"s":{"a":0,"k":[100,100],"ix":3},"r":{"a":0,"k":0,"ix":6},"o":{"a":0,"k":100,"ix":7},"sk":{"a":0,"k":0,"ix":4},"sa":{"a":0,"k":0,"ix":5},"nm":"トランスフォーム"}],"nm":"グループ 1","np":2,"cix":2,"ix":1,"mn":"ADBE Vector Group","hd":false}],"ip":8.00000032584668,"op":35.0000014255792,"st":26.0000010590017,"bm":0},{"ddd":0,"ind":3,"ty":4,"nm":"シェイプレイヤー 3","sr":1,"ks":{"o":{"a":0,"k":100,"ix":11},"r":{"a":0,"k":0,"ix":10},"p":{"a":0,"k":[66,66,0],"ix":2},"a":{"a":0,"k":[0,0,0],"ix":1},"s":{"a":0,"k":[100,100,100],"ix":6}},"ao":0,"shapes":[{"ty":"gr","it":[{"d":1,"ty":"el","s":{"a":0,"k":[126.441,126.441],"ix":2},"p":{"a":0,"k":[0,0],"ix":3},"nm":"楕円形パス 1","mn":"ADBE Vector Shape - Ellipse","hd":false},{"ty":"st","c":{"a":0,"k":[1,1,1,1],"ix":3},"o":{"a":0,"k":100,"ix":4},"w":{"a":0,"k":0,"ix":5},"lc":1,"lj":1,"ml":4,"nm":"線 1","mn":"ADBE Vector Graphic - Stroke","hd":false},{"ty":"fl","c":{"a":0,"k":[1,0.380392156863,0.596078431373,1],"ix":4},"o":{"a":0,"k":100,"ix":5},"r":1,"nm":"塗り 1","mn":"ADBE Vector Graphic - Fill","hd":false},{"ty":"tr","p":{"a":0,"k":[-0.248,-0.52],"ix":2},"a":{"a":0,"k":[0,0],"ix":1},"s":{"a":0,"k":[103.904,103.904],"ix":3},"r":{"a":0,"k":0,"ix":6},"o":{"a":0,"k":100,"ix":7},"sk":{"a":0,"k":0,"ix":4},"sa":{"a":0,"k":0,"ix":5},"nm":"トランスフォーム"}],"nm":"楕円形 1","np":3,"cix":2,"ix":1,"mn":"ADBE Vector Group","hd":false}],"ip":22.0000008960784,"op":125.000005091354,"st":-22.0000008960784,"bm":0},{"ddd":0,"ind":4,"ty":4,"nm":"シェイプレイヤー 2","sr":1,"ks":{"o":{"a":0,"k":100,"ix":11},"r":{"a":0,"k":0,"ix":10},"p":{"a":0,"k":[66,66,0],"ix":2},"a":{"a":0,"k":[0,0,0],"ix":1},"s":{"a":1,"k":[{"i":{"x":[0.697,0.697,0.833],"y":[1,1,1]},"o":{"x":[1,1,0.167],"y":[0.582,0.582,0]},"n":["0p697_1_1_0p582","0p697_1_1_0p582","0p833_1_0p167_0"],"t":8,"s":[0,0,100],"e":[100,100,100]},{"t":22.0000008960784}],"ix":6}},"ao":0,"shapes":[{"ty":"gr","it":[{"d":1,"ty":"el","s":{"a":0,"k":[126.441,126.441],"ix":2},"p":{"a":0,"k":[0,0],"ix":3},"nm":"楕円形パス 1","mn":"ADBE Vector Shape - Ellipse","hd":false},{"ty":"st","c":{"a":0,"k":[1,1,1,1],"ix":3},"o":{"a":0,"k":100,"ix":4},"w":{"a":0,"k":0,"ix":5},"lc":1,"lj":1,"ml":4,"nm":"線 1","mn":"ADBE Vector Graphic - Stroke","hd":false},{"ty":"fl","c":{"a":0,"k":[1,0.380392156863,0.596078431373,1],"ix":4},"o":{"a":0,"k":100,"ix":5},"r":1,"nm":"塗り 1","mn":"ADBE Vector Graphic - Fill","hd":false},{"ty":"tr","p":{"a":0,"k":[-0.248,-0.52],"ix":2},"a":{"a":0,"k":[0,0],"ix":1},"s":{"a":0,"k":[103.904,103.904],"ix":3},"r":{"a":0,"k":0,"ix":6},"o":{"a":0,"k":100,"ix":7},"sk":{"a":0,"k":0,"ix":4},"sa":{"a":0,"k":0,"ix":5},"nm":"トランスフォーム"}],"nm":"楕円形 1","np":3,"cix":2,"ix":1,"mn":"ADBE Vector Group","hd":false}],"ip":8.00000032584668,"op":22.0000008960784,"st":-36.0000014663101,"bm":0},{"ddd":0,"ind":5,"ty":4,"nm":"hearticonアウトライン","sr":1,"ks":{"o":{"a":0,"k":100,"ix":11},"r":{"a":0,"k":0,"ix":10},"p":{"a":0,"k":[66,66,0],"ix":2},"a":{"a":0,"k":[75,75,0],"ix":1},"s":{"a":1,"k":[{"i":{"x":[0.983,0.983,0.833],"y":[0.675,0.675,1]},"o":{"x":[0.914,0.914,0.167],"y":[0,0,0]},"n":["0p983_0p675_0p914_0","0p983_0p675_0p914_0","0p833_1_0p167_0"],"t":0,"s":[100,100,100],"e":[0,0,100]},{"t":8.00000032584668}],"ix":6}},"ao":0,"shapes":[{"ty":"gr","it":[{"ind":0,"ty":"sh","ix":1,"ks":{"a":0,"k":{"i":[[-0.1,-0.04],[-0.78,-0.936],[-0.988,0.719],[0,0],[-3.072,0],[0,-7.891],[12.938,-11.991],[0,0],[1.912,1.775],[0,0],[0,9.684],[-7.737,0],[-2.454,-1.748]],"o":[[0.988,0.719],[0.781,-0.936],[0,0],[2.379,-1.838],[7.738,0],[0,9.684],[0,0],[-1.918,1.767],[0,0],[-12.938,-11.965],[0,-7.891],[3.073,0],[-0.017,0.02]],"v":[[-2.668,-19.969],[0,-17.477],[2.669,-19.969],[2.869,-19.969],[11.305,-22.833],[25.122,-8.742],[3.643,20.825],[3.381,21.066],[-3.369,21.053],[-3.642,20.799],[-25.122,-8.742],[-11.305,-22.833],[-2.793,-20.059]],"c":true},"ix":2},"nm":"パス 1","mn":"ADBE Vector Shape - Group","hd":false},{"ty":"fl","c":{"a":0,"k":[0.999999940162,0.999999940162,1,1],"ix":4},"o":{"a":0,"k":100,"ix":5},"r":1,"nm":"塗り 1","mn":"ADBE Vector Graphic - Fill","hd":false},{"ty":"tr","p":{"a":0,"k":[74.504,74.727],"ix":2},"a":{"a":0,"k":[0,0],"ix":1},"s":{"a":0,"k":[100,100],"ix":3},"r":{"a":0,"k":0,"ix":6},"o":{"a":0,"k":100,"ix":7},"sk":{"a":0,"k":0,"ix":4},"sa":{"a":0,"k":0,"ix":5},"nm":"トランスフォーム"}],"nm":"グループ 1","np":2,"cix":2,"ix":1,"mn":"ADBE Vector Group","hd":false}],"ip":0,"op":8.00000032584668,"st":15.0000006109625,"bm":0},{"ddd":0,"ind":6,"ty":4,"nm":"シェイプレイヤー 1","sr":1,"ks":{"o":{"a":0,"k":53,"ix":11},"r":{"a":0,"k":0,"ix":10},"p":{"a":0,"k":[66,66,0],"ix":2},"a":{"a":0,"k":[0,0,0],"ix":1},"s":{"a":1,"k":[{"i":{"x":[0.983,0.983,0.833],"y":[0.675,0.675,7.667]},"o":{"x":[0.914,0.914,0.167],"y":[0,0,-6.667]},"n":["0p983_0p675_0p914_0","0p983_0p675_0p914_0","0p833_7p667_0p167_-6p667"],"t":0,"s":[100,100,100],"e":[0,0,100]},{"t":8.00000032584668}],"ix":6}},"ao":0,"shapes":[{"ty":"gr","it":[{"ind":0,"ty":"sh","ix":1,"ks":{"a":0,"k":{"i":[[31.972,0],[0,-31.972],[-31.972,0],[0,31.972]],"o":[[-31.972,0],[0,31.972],[31.972,0],[0,-31.972]],"v":[[0,-57.89],[-57.89,0],[0,57.89],[57.89,0]],"c":true},"ix":2},"nm":"パス 1","mn":"ADBE Vector Shape - Group","hd":false},{"ty":"st","c":{"a":0,"k":[1,1,1,1],"ix":3},"o":{"a":0,"k":100,"ix":4},"w":{"a":0,"k":0,"ix":5},"lc":1,"lj":1,"ml":4,"nm":"線 1","mn":"ADBE Vector Graphic - Stroke","hd":false},{"ty":"fl","c":{"a":0,"k":[0,0,0,1],"ix":4},"o":{"a":0,"k":100,"ix":5},"r":1,"nm":"塗り 1","mn":"ADBE Vector Graphic - Fill","hd":false},{"ty":"tr","p":{"a":0,"k":[0.108,0.2],"ix":2},"a":{"a":0,"k":[0,0],"ix":1},"s":{"a":0,"k":[114.097,114.097],"ix":3},"r":{"a":0,"k":0,"ix":6},"o":{"a":0,"k":100,"ix":7},"sk":{"a":0,"k":0,"ix":4},"sa":{"a":0,"k":0,"ix":5},"nm":"トランスフォーム"}],"nm":"楕円形 1","np":3,"cix":2,"ix":1,"mn":"ADBE Vector Group","hd":false}],"ip":0,"op":8.00000032584668,"st":7.00000028511585,"bm":0}],"markers":[]}